<?xml version='1.0' encoding='utf-8' standalone='yes' ?>
<map>
    <long name="sites_visited_weekly_time" value="1757496189833" />
    <string name="origins_visited_date">9/12/25</string>
    <set name="related_sites_visited_weekly_set">
        <string>3253426268</string>
        <string>40582497</string>
    </set>
    <set name="origins_visited_set">
        <string>2493596896</string>
    </set>
    <set name="sites_visited_weekly_set">
        <string>3253426268</string>
        <string>40582497</string>
    </set>
</map>
