<?xml version='1.0' encoding='utf-8' standalone='yes' ?>
<map>
    <long name="DownloadDisplayMessageMillis" value="1757650810843" />
    <boolean name="shouldDownloadToSDCard" value="false" />
    <long name="LastLicenseMarkSyncMillis" value="1757665210850" />
    <boolean name="firstAppStartWithoutUser" value="false" />
    <long name="SyncPlayerSdkDownloadMillis" value="1757665211457" />
    <long name="RetryDisabledDownloadSyncMillis" value="1757650810843" />
    <long name="SyncPlayerSdkErrorStateMillis" value="1757650810843" />
    <boolean name="shouldSubscribeToAllTopics" value="false" />
    <long name="LastLicenseSyncMillis" value="1757650810840" />
    <boolean name="bg_startup_tracing" value="false" />
    <long name="RefreshMetadataSyncTTLMillis" value="1758255611457" />
    <long name="QueueDownloadSyncMills" value="1757650810843" />
    <string name="PN_customer_vcr">IN</string>
    <long name="DeleteDownloadSyncMillis" value="1757650810843" />
    <string name="PN_subscription_prefs">[{&quot;topic&quot;:&quot;AIV_video_in_library&quot;,&quot;isSubscribed&quot;:true},{&quot;topic&quot;:&quot;AIV_video_recommendations&quot;,&quot;isSubscribed&quot;:true},{&quot;topic&quot;:&quot;AIV_new_feature&quot;,&quot;isSubscribed&quot;:true},{&quot;topic&quot;:&quot;AIV_offer&quot;,&quot;isSubscribed&quot;:true}]</string>
    <long name="LastLicenseRepairMillis" value="1757650810843" />
    <long name="DisabledDownloadSyncMillis" value="1757650810843" />
    <string name="PN_customer_id">amzn1.account.AEHJKHAU3X4QY7IKZEZOP75CKDLQ</string>
    <long name="LastImagesDownloadSyncMillis" value="1757665211457" />
</map>
