<?xml version='1.0' encoding='utf-8' standalone='yes' ?>
<map>
    <long name="DownloadDisplayMessageMillis" value="1757598108023" />
    <boolean name="firstAppStartWithUser" value="false" />
    <boolean name="shouldDownloadToSDCard" value="false" />
    <long name="LastLicenseMarkSyncMillis" value="1757612508023" />
    <boolean name="firstAppStartWithoutUser" value="false" />
    <long name="SyncPlayerSdkDownloadMillis" value="1757612508836" />
    <long name="RetryDisabledDownloadSyncMillis" value="1757598108023" />
    <long name="SyncPlayerSdkErrorStateMillis" value="1757598108023" />
    <boolean name="shouldSubscribeToAllTopics" value="false" />
    <long name="LastLicenseSyncMillis" value="1757598108022" />
    <boolean name="bg_startup_tracing" value="false" />
    <long name="RefreshMetadataSyncTTLMillis" value="1758202908836" />
    <long name="QueueDownloadSyncMills" value="1757598108023" />
    <long name="com.amazon.communication.remotesetting.pref.LAST_SUCCESSFUL_SYNC" value="1757598081774" />
    <string name="PN_customer_vcr">IN</string>
    <long name="DeleteDownloadSyncMillis" value="1757598108023" />
    <string name="PN_subscription_prefs">[{&quot;topic&quot;:&quot;AIV_video_in_library&quot;,&quot;isSubscribed&quot;:false},{&quot;topic&quot;:&quot;AIV_video_recommendations&quot;,&quot;isSubscribed&quot;:false},{&quot;topic&quot;:&quot;AIV_new_feature&quot;,&quot;isSubscribed&quot;:false},{&quot;topic&quot;:&quot;AIV_offer&quot;,&quot;isSubscribed&quot;:false}]</string>
    <long name="LastLicenseRepairMillis" value="1757598108022" />
    <long name="DisabledDownloadSyncMillis" value="1757598108023" />
    <long name="com.amazon.communication.remotesetting.pref.LAST_SYNC_ATTEMPT" value="1757598081774" />
    <string name="PN_customer_id">amzn1.account.AEHJKHAU3X4QY7IKZEZOP75CKDLQ</string>
    <long name="LastImagesDownloadSyncMillis" value="1757612508836" />
</map>
