<?xml version='1.0' encoding='utf-8' standalone='yes' ?>
<map>
    <long name="DownloadDisplayMessageMillis" value="1771827422611" />
    <boolean name="firstAppStartWithUser" value="false" />
    <long name="LastLicenseMarkSyncMillis" value="1771841822612" />
    <boolean name="firstAppStartWithoutUser" value="false" />
    <long name="SyncPlayerSdkDownloadMillis" value="1771841822994" />
    <long name="RetryDisabledDownloadSyncMillis" value="1771827422611" />
    <long name="SyncPlayerSdkErrorStateMillis" value="1771827422611" />
    <boolean name="shouldSubscribeToAllTopics" value="false" />
    <long name="LastLicenseSyncMillis" value="1771827422610" />
    <boolean name="bg_startup_tracing" value="false" />
    <long name="RefreshMetadataSyncTTLMillis" value="1772432222994" />
    <long name="QueueDownloadSyncMills" value="1771827422611" />
    <long name="com.amazon.communication.remotesetting.pref.LAST_SUCCESSFUL_SYNC" value="1771827410336" />
    <string name="PN_customer_vcr">GB</string>
    <long name="DeleteDownloadSyncMillis" value="1771827422611" />
    <string name="PN_subscription_prefs">[{&quot;topic&quot;:&quot;AIV_video_in_library&quot;,&quot;isSubscribed&quot;:false},{&quot;topic&quot;:&quot;AIV_video_recommendations&quot;,&quot;isSubscribed&quot;:false},{&quot;topic&quot;:&quot;AIV_new_feature&quot;,&quot;isSubscribed&quot;:false},{&quot;topic&quot;:&quot;AIV_offer&quot;,&quot;isSubscribed&quot;:false},{&quot;topic&quot;:&quot;AIV_following&quot;,&quot;isSubscribed&quot;:false}]</string>
    <long name="LastLicenseRepairMillis" value="1771827422610" />
    <long name="DisabledDownloadSyncMillis" value="1771827422611" />
    <long name="com.amazon.communication.remotesetting.pref.LAST_SYNC_ATTEMPT" value="1771827410336" />
    <string name="PN_customer_id">amzn1.account.AE4TNSNNWHETES2HUKXIFBNHS2MQ</string>
    <long name="LastImagesDownloadSyncMillis" value="1771841822994" />
</map>
