<?xml version='1.0' encoding='utf-8' standalone='yes' ?>
<map>
    <string name="localesWithStrings">en_US</string>
    <string name="lastSeenUxLocale">tr_TR</string>
    <string name="lastDisplayedLocalizationType">IN_APP</string>
    <string name="lastReportedLocaleToLDS">en_US</string>
    <string name="lastResolvedSupportedLocaleSet">es_419,es_ES,fr_FR,it_IT,pt_BR,en_US,de_DE,nl_NL,pl_PL,hi_IN,sv_SE,nb_NO,da_DK,ta_IN,te_IN,fi_FI,tr_TR,id_ID,zh_CN,zh_TW,ru_RU,ko_KR,th_TH,pt_PT,ja_JP,fil_PH,ms_MY,ar_AE,he_IL,el_GR,ro_RO,hu_HU,cs_CZ</string>
    <string name="lastSeenPreferredLanguage">en_US</string>
    <string name="lastDisplayedLocale">en_US</string>
</map>
