<?xml version='1.0' encoding='utf-8' standalone='yes' ?>
<map>
    <boolean name="PN_registered_successfully_with_MPRS" value="true" />
    <string name="PN_registration_id">eZ6DHOu2TI-E-m8oY4lgVt:APA91bG-RVWL0b2I01cGqbAbuEMhdaLNZ00LEGFTzRSAVUEPjhYCVhBsMxzNdm5Y2vaZBQSDlnjv6v5lpv2Ii527ypY8WPeysoh5AI3WTkVIoiM0IpkJE3o</string>
    <string name="PN_OS_notification_state">INACTIVE</string>
    <int name="PN_sequence_number_int" value="7" />
    <boolean name="isHfrSupported_Cache" value="true" />
    <string name="mostRecentlySeenMarketplaceId">A2MFUE2XK8ZSSY</string>
    <boolean name="isHdrSupported_Cache" value="false" />
    <boolean name="isUhdSupported_Cache" value="false" />
    <string name="mostRecentlySeenVcrPivot">IN:HOME</string>
    <boolean name="isReferrerValueSet" value="true" />
    <boolean name="EventSync_shouldForceProcess" value="false" />
    <string name="PN_OS_version">15</string>
    <string name="PN_application_install_id">EU:amazonaiv:608140bd-a920-409a-8def-94035a0f3ea0</string>
    <string name="playbackSupportInfo_Cache">SUPPORTED_HARDWARE</string>
    <boolean name="isDolyDigitalPlusSupported_Cache" value="false" />
    <string name="deviceVideoCodecOverride_Cache">H264;H265</string>
    <boolean name="hasWANSupportBeenDetected" value="true" />
    <boolean name="isHevcSupported_Cache" value="true" />
    <boolean name="isPlaybackSupportCached" value="true" />
    <string name="deviceBitrateAdaptationsOverride_Cache">CBR;CVBR</string>
    <string name="playStoreInstallReferrer">utm_source=google-play&amp;utm_medium=organic</string>
    <boolean name="isHdSupported_Cache" value="true" />
    <string name="PN_app_version">3.0.383.347</string>
</map>
