{"Fid":"eZ6DHOu2TI-E-m8oY4lgVt","Status":3,"AuthToken":"eyJhbGciOiJFUzI1NiIsInR5cCI6IkpXVCJ9.eyJhcHBJZCI6IjE6MzU0ODAwNjQ1MzI5OmFuZHJvaWQ6NGM2NjY0NGY4NDc1MTUwYiIsImV4cCI6MTc1ODEwMDk4NSwiZmlkIjoiZVo2REhPdTJUSS1FLW04b1k0bGdWdCIsInByb2plY3ROdW1iZXIiOjM1NDgwMDY0NTMyOX0.AB2LPV8wRgIhAJjYOdYp3QeH0oNGDarMz-_sTD0Yb_fGTtl1GQSVy3LhAiEAo_sGCo9yAYLL2yGtTYL3Ltng3dwiCysyQbyUvNzwELs","RefreshToken":"3_AS3qfwIB7daVF1a6pm5qcNqFW5cd94Iymsrerkm8J_oqKUWFRWB7UkXZK5kdbUt0od8PRWn9tZE-JdgUWUBCbAPFLsMCrsRlmx8ewcsHz4eFuwY","TokenCreationEpochInSecs":1757496184,"ExpiresInSecs":604800}