{"Fid":"fcs0eHCcSQC_Y1-Uwq_T3d","Status":3,"AuthToken":"eyJhbGciOiJFUzI1NiIsInR5cCI6IkpXVCJ9.eyJhcHBJZCI6IjE6MzU0ODAwNjQ1MzI5OmFuZHJvaWQ6NGM2NjY0NGY4NDc1MTUwYiIsImV4cCI6MTc3MjI5OTM2NCwiZmlkIjoiZmNzMGVIQ2NTUUNfWTEtVXdxX1QzZCIsInByb2plY3ROdW1iZXIiOjM1NDgwMDY0NTMyOX0.AB2LPV8wRgIhANs_Y2cf8ehU5Iy1MumQMO6xRqqTyfjbuz-_tvqMhRt6AiEA_3y0GSv2QWA5RIO1TQ7YCl-G7rORsb9FXXZ9WOtxwcM","RefreshToken":"3_AS3qfwK3t-1ulsdIYTaVUvfuxBQP2h032eRvchbcJdUOH6LVlVC-cU2k9YZ_i_O6BBeWdpaP8RZMU48ljWliNg57NvwFCLNKqtofaqQTcEFtUAE","TokenCreationEpochInSecs":1771694563,"ExpiresInSecs":604800}