{"Fid":"fcs0eHCcSQC_Y1-Uwq_T3d","Status":3,"AuthToken":"eyJhbGciOiJFUzI1NiIsInR5cCI6IkpXVCJ9.eyJhcHBJZCI6IjE6MzU0ODAwNjQ1MzI5OmFuZHJvaWQ6NGM2NjY0NGY4NDc1MTUwYiIsImV4cCI6MTc3MTA4NDg1OSwiZmlkIjoiZmNzMGVIQ2NTUUNfWTEtVXdxX1QzZCIsInByb2plY3ROdW1iZXIiOjM1NDgwMDY0NTMyOX0.AB2LPV8wRQIgBmzN-Chc_X2ZYzojLSdnvhydxFhEPm6nwOPMVhzi0jQCIQDV2NhuV8lGQv9lAoPLaZtp2n6jF9eoYNFtzd2L8VgrpA","RefreshToken":"3_AS3qfwK3t-1ulsdIYTaVUvfuxBQP2h032eRvchbcJdUOH6LVlVC-cU2k9YZ_i_O6BBeWdpaP8RZMU48ljWliNg57NvwFCLNKqtofaqQTcEFtUAE","TokenCreationEpochInSecs":1770480058,"ExpiresInSecs":604800}