{"Fid":"fcs0eHCcSQC_Y1-Uwq_T3d","Status":3,"AuthToken":"eyJhbGciOiJFUzI1NiIsInR5cCI6IkpXVCJ9.eyJhcHBJZCI6IjE6MzU0ODAwNjQ1MzI5OmFuZHJvaWQ6NGM2NjY0NGY4NDc1MTUwYiIsImV4cCI6MTc2NzYxNjA5NSwiZmlkIjoiZmNzMGVIQ2NTUUNfWTEtVXdxX1QzZCIsInByb2plY3ROdW1iZXIiOjM1NDgwMDY0NTMyOX0.AB2LPV8wRQIhAMhZ-utzHFUhSimQ0QzVGaE19vt2Uw6fiufXe_QLHuHhAiA2GldP3x9zv--16bVcS8SCwTp2oEUbPMOZ7efzEjjQvg","RefreshToken":"3_AS3qfwK3t-1ulsdIYTaVUvfuxBQP2h032eRvchbcJdUOH6LVlVC-cU2k9YZ_i_O6BBeWdpaP8RZMU48ljWliNg57NvwFCLNKqtofaqQTcEFtUAE","TokenCreationEpochInSecs":1767011295,"ExpiresInSecs":604800}