<?xml version='1.0' encoding='utf-8' standalone='yes' ?>
<map>
    <long name="DownloadDisplayMessageMillis" value="1758894158018" />
    <boolean name="firstAppStartWithUser" value="false" />
    <long name="LastLicenseMarkSyncMillis" value="1758908558019" />
    <boolean name="shouldDownloadToSDCard" value="false" />
    <long name="SyncPlayerSdkDownloadMillis" value="1758908558424" />
    <long name="RetryDisabledDownloadSyncMillis" value="1758894158018" />
    <boolean name="firstAppStartWithoutUser" value="false" />
    <long name="SyncPlayerSdkErrorStateMillis" value="1758894158018" />
    <long name="LastLicenseSyncMillis" value="1758894158018" />
    <boolean name="bg_startup_tracing" value="false" />
    <long name="RefreshMetadataSyncTTLMillis" value="1759498958424" />
    <long name="QueueDownloadSyncMills" value="1758894158018" />
    <long name="com.amazon.communication.remotesetting.pref.LAST_SUCCESSFUL_SYNC" value="1758894159734" />
    <string name="PN_customer_vcr">IN</string>
    <long name="DeleteDownloadSyncMillis" value="1758894158018" />
    <long name="LastLicenseRepairMillis" value="1758894158018" />
    <long name="DisabledDownloadSyncMillis" value="1758894158018" />
    <long name="com.amazon.communication.remotesetting.pref.LAST_SYNC_ATTEMPT" value="1758894159734" />
    <long name="LastImagesDownloadSyncMillis" value="1758908558424" />
</map>
