<?xml version='1.0' encoding='utf-8' standalone='yes' ?>
<map>
    <long name="DownloadDisplayMessageMillis" value="1767011396085" />
    <boolean name="firstAppStartWithUser" value="false" />
    <boolean name="shouldDownloadToSDCard" value="false" />
    <long name="LastLicenseMarkSyncMillis" value="1767025796087" />
    <boolean name="firstAppStartWithoutUser" value="false" />
    <long name="SyncPlayerSdkDownloadMillis" value="1767025798096" />
    <long name="RetryDisabledDownloadSyncMillis" value="1767011396085" />
    <long name="SyncPlayerSdkErrorStateMillis" value="1767011396085" />
    <boolean name="shouldSubscribeToAllTopics" value="false" />
    <long name="LastLicenseSyncMillis" value="1767011396085" />
    <boolean name="bg_startup_tracing" value="false" />
    <long name="RefreshMetadataSyncTTLMillis" value="1767616198096" />
    <long name="QueueDownloadSyncMills" value="1767011396085" />
    <string name="PN_customer_vcr">IN</string>
    <long name="DeleteDownloadSyncMillis" value="1767011396085" />
    <string name="PN_subscription_prefs">[{&quot;topic&quot;:&quot;AIV_video_in_library&quot;,&quot;isSubscribed&quot;:false},{&quot;topic&quot;:&quot;AIV_video_recommendations&quot;,&quot;isSubscribed&quot;:false},{&quot;topic&quot;:&quot;AIV_new_feature&quot;,&quot;isSubscribed&quot;:false},{&quot;topic&quot;:&quot;AIV_offer&quot;,&quot;isSubscribed&quot;:false},{&quot;topic&quot;:&quot;AIV_following&quot;,&quot;isSubscribed&quot;:false}]</string>
    <long name="LastLicenseRepairMillis" value="1767011396085" />
    <long name="DisabledDownloadSyncMillis" value="1767011396085" />
    <string name="PN_customer_id">amzn1.account.AHBW7RPUNVWI5QI3ZM2S7HYRORUQ</string>
    <long name="LastImagesDownloadSyncMillis" value="1767025798096" />
</map>
