<?xml version='1.0' encoding='utf-8' standalone='yes' ?>
<map>
    <long name="DownloadDisplayMessageMillis" value="1767508386922" />
    <long name="LastLicenseMarkSyncMillis" value="1767522786923" />
    <boolean name="firstAppStartWithoutUser" value="false" />
    <long name="SyncPlayerSdkDownloadMillis" value="1767522787247" />
    <long name="RetryDisabledDownloadSyncMillis" value="1767508386922" />
    <long name="SyncPlayerSdkErrorStateMillis" value="1767508386922" />
    <boolean name="shouldSubscribeToAllTopics" value="false" />
    <long name="LastLicenseSyncMillis" value="1767508386922" />
    <boolean name="bg_startup_tracing" value="false" />
    <long name="RefreshMetadataSyncTTLMillis" value="1768113187247" />
    <long name="QueueDownloadSyncMills" value="1767508386922" />
    <string name="PN_customer_vcr">IT</string>
    <long name="DeleteDownloadSyncMillis" value="1767508386922" />
    <string name="PN_subscription_prefs">[{&quot;topic&quot;:&quot;AIV_video_in_library&quot;,&quot;isSubscribed&quot;:false},{&quot;topic&quot;:&quot;AIV_video_recommendations&quot;,&quot;isSubscribed&quot;:false},{&quot;topic&quot;:&quot;AIV_new_feature&quot;,&quot;isSubscribed&quot;:false},{&quot;topic&quot;:&quot;AIV_offer&quot;,&quot;isSubscribed&quot;:false},{&quot;topic&quot;:&quot;AIV_following&quot;,&quot;isSubscribed&quot;:false}]</string>
    <long name="LastLicenseRepairMillis" value="1767508386922" />
    <long name="DisabledDownloadSyncMillis" value="1767508386922" />
    <string name="PN_customer_id">amzn1.account.AEZPHNC7CNUOS67EPXPINGMJLUOQ</string>
    <long name="LastImagesDownloadSyncMillis" value="1767522787247" />
</map>
