<?xml version='1.0' encoding='utf-8' standalone='yes' ?>
<map>
    <long name="DownloadDisplayMessageMillis" value="1758068412564" />
    <boolean name="firstAppStartWithUser" value="false" />
    <long name="LastLicenseMarkSyncMillis" value="1758082812572" />
    <boolean name="shouldDownloadToSDCard" value="false" />
    <boolean name="firstAppStartWithoutUser" value="false" />
    <long name="SyncPlayerSdkDownloadMillis" value="1758082812979" />
    <long name="RetryDisabledDownloadSyncMillis" value="1758068412554" />
    <long name="SyncPlayerSdkErrorStateMillis" value="1758068412554" />
    <boolean name="shouldSubscribeToAllTopics" value="false" />
    <long name="LastLicenseSyncMillis" value="1758068412554" />
    <boolean name="bg_startup_tracing" value="false" />
    <long name="RefreshMetadataSyncTTLMillis" value="1758673212978" />
    <long name="QueueDownloadSyncMills" value="1758068412564" />
    <long name="com.amazon.communication.remotesetting.pref.LAST_SUCCESSFUL_SYNC" value="1758068414085" />
    <string name="PN_customer_vcr">IN</string>
    <long name="DeleteDownloadSyncMillis" value="1758068412564" />
    <string name="PN_subscription_prefs">[{&quot;topic&quot;:&quot;AIV_video_in_library&quot;,&quot;isSubscribed&quot;:true},{&quot;topic&quot;:&quot;AIV_video_recommendations&quot;,&quot;isSubscribed&quot;:true},{&quot;topic&quot;:&quot;AIV_new_feature&quot;,&quot;isSubscribed&quot;:true},{&quot;topic&quot;:&quot;AIV_offer&quot;,&quot;isSubscribed&quot;:true}]</string>
    <long name="LastLicenseRepairMillis" value="1758068412554" />
    <long name="DisabledDownloadSyncMillis" value="1758068412554" />
    <long name="com.amazon.communication.remotesetting.pref.LAST_SYNC_ATTEMPT" value="1758068414085" />
    <string name="PN_customer_id">amzn1.account.AEHJKHAU3X4QY7IKZEZOP75CKDLQ</string>
    <long name="LastImagesDownloadSyncMillis" value="1758082812978" />
</map>
