<?xml version='1.0' encoding='utf-8' standalone='yes' ?>
<map>
    <long name="DownloadDisplayMessageMillis" value="1762501107309" />
    <long name="LastLicenseMarkSyncMillis" value="1762515507309" />
    <boolean name="shouldDownloadToSDCard" value="false" />
    <long name="SyncPlayerSdkDownloadMillis" value="1762515507621" />
    <boolean name="firstAppStartWithoutUser" value="false" />
    <long name="RetryDisabledDownloadSyncMillis" value="1762501107309" />
    <long name="SyncPlayerSdkErrorStateMillis" value="1762501107309" />
    <boolean name="shouldSubscribeToAllTopics" value="false" />
    <long name="LastLicenseSyncMillis" value="1762501107309" />
    <boolean name="bg_startup_tracing" value="false" />
    <long name="RefreshMetadataSyncTTLMillis" value="1763105907621" />
    <long name="QueueDownloadSyncMills" value="1762501107309" />
    <long name="com.amazon.communication.remotesetting.pref.LAST_SUCCESSFUL_SYNC" value="1762501092019" />
    <string name="PN_customer_vcr">GB</string>
    <long name="DeleteDownloadSyncMillis" value="1762501107309" />
    <string name="PN_subscription_prefs">[{&quot;topic&quot;:&quot;AIV_video_in_library&quot;,&quot;isSubscribed&quot;:false},{&quot;topic&quot;:&quot;AIV_video_recommendations&quot;,&quot;isSubscribed&quot;:false},{&quot;topic&quot;:&quot;AIV_new_feature&quot;,&quot;isSubscribed&quot;:false},{&quot;topic&quot;:&quot;AIV_offer&quot;,&quot;isSubscribed&quot;:false}]</string>
    <long name="LastLicenseRepairMillis" value="1762501107309" />
    <long name="DisabledDownloadSyncMillis" value="1762501107309" />
    <long name="com.amazon.communication.remotesetting.pref.LAST_SYNC_ATTEMPT" value="1762501092019" />
    <string name="PN_customer_id">amzn1.account.AEZIXLPKJEN6CTUHPUUJCE7R4XAA</string>
    <long name="LastImagesDownloadSyncMillis" value="1762515507621" />
</map>
