<?xml version='1.0' encoding='utf-8' standalone='yes' ?>
<map>
    <long name="DownloadDisplayMessageMillis" value="1762805204813" />
    <boolean name="firstAppStartWithUser" value="false" />
    <boolean name="shouldDownloadToSDCard" value="false" />
    <long name="LastLicenseMarkSyncMillis" value="1762819604814" />
    <boolean name="firstAppStartWithoutUser" value="false" />
    <long name="SyncPlayerSdkDownloadMillis" value="1762819605243" />
    <long name="RetryDisabledDownloadSyncMillis" value="1762805204813" />
    <long name="SyncPlayerSdkErrorStateMillis" value="1762805204813" />
    <boolean name="shouldSubscribeToAllTopics" value="false" />
    <long name="LastLicenseSyncMillis" value="1762805204813" />
    <boolean name="bg_startup_tracing" value="false" />
    <long name="RefreshMetadataSyncTTLMillis" value="1763410005242" />
    <long name="QueueDownloadSyncMills" value="1762805204813" />
    <string name="PN_customer_vcr">GB</string>
    <long name="DeleteDownloadSyncMillis" value="1762805204813" />
    <string name="PN_subscription_prefs">[{&quot;topic&quot;:&quot;AIV_video_in_library&quot;,&quot;isSubscribed&quot;:true},{&quot;topic&quot;:&quot;AIV_video_recommendations&quot;,&quot;isSubscribed&quot;:true},{&quot;topic&quot;:&quot;AIV_new_feature&quot;,&quot;isSubscribed&quot;:true},{&quot;topic&quot;:&quot;AIV_offer&quot;,&quot;isSubscribed&quot;:true}]</string>
    <long name="LastLicenseRepairMillis" value="1762805204813" />
    <long name="DisabledDownloadSyncMillis" value="1762805204813" />
    <long name="com.amazon.communication.remotesetting.pref.LAST_SYNC_ATTEMPT" value="1762805218600" />
    <string name="PN_customer_id">amzn1.account.AEZIXLPKJEN6CTUHPUUJCE7R4XAA</string>
    <long name="LastImagesDownloadSyncMillis" value="1762819605242" />
</map>
