<?xml version='1.0' encoding='utf-8' standalone='yes' ?>
<map>
    <long name="DownloadDisplayMessageMillis" value="1764691140476" />
    <long name="LastLicenseMarkSyncMillis" value="1764705540478" />
    <boolean name="shouldDownloadToSDCard" value="false" />
    <long name="SyncPlayerSdkDownloadMillis" value="1764705546673" />
    <boolean name="firstAppStartWithoutUser" value="false" />
    <long name="RetryDisabledDownloadSyncMillis" value="1764691140476" />
    <long name="SyncPlayerSdkErrorStateMillis" value="1764691140476" />
    <boolean name="shouldSubscribeToAllTopics" value="false" />
    <long name="LastLicenseSyncMillis" value="1764691140475" />
    <boolean name="bg_startup_tracing" value="false" />
    <long name="RefreshMetadataSyncTTLMillis" value="1765295946673" />
    <long name="QueueDownloadSyncMills" value="1764691140476" />
    <long name="com.amazon.communication.remotesetting.pref.LAST_SUCCESSFUL_SYNC" value="1764691137856" />
    <string name="PN_customer_vcr">IN</string>
    <long name="DeleteDownloadSyncMillis" value="1764691140476" />
    <string name="PN_subscription_prefs">[{&quot;topic&quot;:&quot;AIV_video_in_library&quot;,&quot;isSubscribed&quot;:false},{&quot;topic&quot;:&quot;AIV_video_recommendations&quot;,&quot;isSubscribed&quot;:false},{&quot;topic&quot;:&quot;AIV_new_feature&quot;,&quot;isSubscribed&quot;:false},{&quot;topic&quot;:&quot;AIV_offer&quot;,&quot;isSubscribed&quot;:false}]</string>
    <long name="LastLicenseRepairMillis" value="1764691140476" />
    <long name="DisabledDownloadSyncMillis" value="1764691140476" />
    <long name="com.amazon.communication.remotesetting.pref.LAST_SYNC_ATTEMPT" value="1764691137856" />
    <string name="PN_customer_id">amzn1.account.AFM5O77PRFETJYEC4YHIDHIG63LQ</string>
    <long name="LastImagesDownloadSyncMillis" value="1764705546673" />
</map>
