<?xml version='1.0' encoding='utf-8' standalone='yes' ?>
<map>
    <set name="device-name/RMX5003IN fire-core/20.3.1 fire-fcm/23.2.0 device-brand/realme fire-android/35 fire-installations/17.1.3 android-installer/com.google.android.packageinstaller device-model/RE6066L1 android-platform/ android-min-sdk/21 kotlin/1.9.24 fire-transport/18.1.7 android-target-sdk/34">
        <string>2026-01-04</string>
    </set>
    <string name="last-used-date">2026-01-04</string>
    <long name="fire-count" value="1" />
    <long name="fire-global" value="1767011279916" />
</map>
