<?xml version='1.0' encoding='utf-8' standalone='yes' ?>
<map>
    <string name="last-used-date">2025-09-17</string>
    <long name="fire-count" value="3" />
    <long name="fire-global" value="1757913927088" />
    <set name="device-name/RMX5003IN fire-core/20.3.1 fire-fcm/23.2.0 device-brand/realme fire-android/35 fire-installations/17.1.3 android-installer/com.google.android.packageinstaller device-model/RE6066L1 android-min-sdk/21 android-platform/ fire-transport/18.1.7 kotlin/1.9.24 android-target-sdk/34">
        <string>2025-09-17</string>
        <string>2025-09-16</string>
    </set>
</map>
