<?xml version='1.0' encoding='utf-8' standalone='yes' ?>
<map>
    <boolean name="PN_registered_successfully_with_MPRS" value="true" />
    <string name="PN_registration_id">fcs0eHCcSQC_Y1-Uwq_T3d:APA91bHNLyMtqrV_o1GfPEX33di6ehTUvWFlgYuq_FkBpPHZ-W5F3URhdfumzX-BSmxEtX8_xTHe2qgMmTct5_Q3068vWgDC8NGW4XB24UWOZvxU1Fu_Ink</string>
    <string name="PN_OS_notification_state">ACTIVE</string>
    <int name="PN_sequence_number_int" value="2" />
    <boolean name="isHfrSupported_Cache" value="true" />
    <string name="mostRecentlySeenMarketplaceId">A2MFUE2XK8ZSSY</string>
    <boolean name="isHdrSupported_Cache" value="false" />
    <boolean name="isUhdSupported_Cache" value="false" />
    <string name="mostRecentlySeenVcrPivot">IN:HOME</string>
    <boolean name="isReferrerValueSet" value="true" />
    <boolean name="EventSync_shouldForceProcess" value="false" />
    <string name="PN_OS_version">15</string>
    <string name="PN_application_install_id">EU:amazonaiv:7fe944a3-4ecb-4f49-8039-2068d5ce0d8e</string>
    <string name="playbackSupportInfo_Cache">SUPPORTED_HARDWARE</string>
    <boolean name="isDolyDigitalPlusSupported_Cache" value="false" />
    <string name="deviceVideoCodecOverride_Cache">H264;H265</string>
    <boolean name="isHevcSupported_Cache" value="true" />
    <boolean name="isPlaybackSupportCached" value="true" />
    <string name="deviceBitrateAdaptationsOverride_Cache">CBR;CVBR</string>
    <string name="playStoreInstallReferrer">utm_source=google-play&amp;utm_medium=organic</string>
    <boolean name="isHdSupported_Cache" value="true" />
    <string name="PN_app_version">3.0.422.1147</string>
</map>
