<?xml version='1.0' encoding='utf-8' standalone='yes' ?>
<map>
    <string name="PN_registration_id">c2dfwdVLRUqEdwI2gnx7Ly:APA91bF8WVT7PNlOM5ngNBvf506PVLa3aq3nQ7LkRfayjs_NtBeIOz9BUS0-RBgd70mb5_0J-DBZyD8ulorUAM6EpfflsL-9AmQZIZG4DsroaQJ8BqTxI54</string>
    <boolean name="isHfrSupported_Cache" value="true" />
    <string name="mostRecentlySeenMarketplaceId">A1F83G8C2ARO7P</string>
    <string name="mostRecentlySeenVcrPivot">UK:AWAY</string>
    <boolean name="isReferrerValueSet" value="true" />
    <string name="PN_OS_version">15</string>
    <string name="playbackSupportInfo_Cache">SUPPORTED_HARDWARE</string>
    <string name="deviceVideoCodecOverride_Cache">H264;H265</string>
    <boolean name="hasWANSupportBeenDetected" value="true" />
    <boolean name="activityCrash_LastCrashingIsInForeground" value="false" />
    <string name="activityCrash_LastThrowableStackTrace"></string>
    <string name="PN_app_version">3.0.422.1147</string>
    <boolean name="activityCrash_HasANRToReport" value="false" />
    <boolean name="PN_registered_successfully_with_MPRS" value="true" />
    <string name="PN_OS_notification_state">INACTIVE</string>
    <int name="PN_sequence_number_int" value="10" />
    <boolean name="isHdrSupported_Cache" value="false" />
    <string name="activityCrash_LastThrowableMessage"></string>
    <boolean name="isUhdSupported_Cache" value="false" />
    <string name="activityCrash_LastOwner">CLIENT</string>
    <boolean name="EventSync_shouldForceProcess" value="false" />
    <string name="PN_application_install_id">EU:amazonaiv:608140bd-a920-409a-8def-94035a0f3ea0</string>
    <string name="activityCrash_LastANRStackTrace"></string>
    <boolean name="isDolyDigitalPlusSupported_Cache" value="false" />
    <string name="activityCrash_LastThrowableCause"></string>
    <boolean name="isHevcSupported_Cache" value="true" />
    <string name="activityCrash_LastANREventSubtype"></string>
    <boolean name="isPlaybackSupportCached" value="true" />
    <string name="deviceBitrateAdaptationsOverride_Cache">CBR;CVBR</string>
    <string name="playStoreInstallReferrer">utm_source=google-play&amp;utm_medium=organic</string>
    <boolean name="isHdSupported_Cache" value="true" />
    <boolean name="activityCrash_HasCrashToReport" value="false" />
</map>
